{
  "format_version": "1.13.0",

  "minecraft:biome": {
    "description": {
      "identifier": "mushroom_island_shore"
    },

    "components": {
      "minecraft:surface_parameters": {
        "foundation_material": "minecraft:air",

        "top_material": "minecraft:air",
        "mid_material": "minecraft:air",

        "sea_material": "minecraft:air",
        "sea_floor_material": "minecraft:air",
        "sea_floor_depth": 0
      },
      "minecraft:overworld_height": {
        "noise_type": "deep_ocean"
      },

      "minecraft:climate": {
        "downfall": 0.5,
        "snow_accumulation": [0, 0.5],
        "temperature": 0.5
      }
    }
  }
}