{
	"format_version": "1.13.0",

	"minecraft:feature_rules": {
		"description": {
			"identifier": "concrete_foundation:air_replacement",
			"places_feature": "concrete_foundation:air"
		},

		"conditions": {
			"placement_pass": "first_pass"
		},

		"distribution": {
			"iterations": 16384,

			"x": {
				"distribution": "fixed_grid",
				"extent": [0, 15]
			},
			"z": {
				"distribution": "fixed_grid",
				"extent": [0, 15]
			},
			"y": {
				"distribution": "fixed_grid",
				"extent": [0, 64]
			}
		}
	}
}